step,i,j,heat
1,0,1,3.836701e+12
1,0,2,4.984878e+12
1,1,2,1.148177e+12
