step,node,prev,new,entropy,time
1,0,-1,0,6.382269e-01,1.059534e-41
1,1,-1,0,5.068239e-01,1.095154e-41
1,2,-1,0,5.068239e-01,1.007070e-41
